{
    "counter": {
        "ACTIVE": 11513,
        "INACTIVE": 9487,
        "INVALID": 0,
        "MALICIOUS": 0,
        "SANE": 0,
        "VALID": 0,
        "total": 21000
    },
    "percentage": {
        "ACTIVE": 54.82380952380952,
        "INACTIVE": 45.178341825801226,
        "INVALID": 0,
        "MALICIOUS": 0,
        "SANE": 0,
        "VALID": 0,
        "total": 100.00215134961076
    }
}