{
    "counter": {
        "ACTIVE": 11406,
        "INACTIVE": 9594,
        "INVALID": 0,
        "MALICIOUS": 0,
        "SANE": 0,
        "VALID": 0,
        "total": 21000
    },
    "percentage": {
        "ACTIVE": 54.31428571428572,
        "INACTIVE": 45.68788989951902,
        "INVALID": 0,
        "MALICIOUS": 0,
        "SANE": 0,
        "VALID": 0,
        "total": 100.00217561380474
    }
}