{
    "counter": {
        "ACTIVE": 11139,
        "INACTIVE": 9861,
        "INVALID": 0,
        "MALICIOUS": 0,
        "SANE": 0,
        "VALID": 0,
        "total": 21000
    },
    "percentage": {
        "ACTIVE": 53.042857142857144,
        "INACTIVE": 46.95937901804848,
        "INVALID": 0,
        "MALICIOUS": 0,
        "SANE": 0,
        "VALID": 0,
        "total": 100.00223616090562
    }
}