{
    "counter": {
        "ACTIVE": 11714,
        "INACTIVE": 9286,
        "INVALID": 0,
        "MALICIOUS": 0,
        "SANE": 0,
        "VALID": 0,
        "total": 21000
    },
    "percentage": {
        "ACTIVE": 55.78095238095238,
        "INACTIVE": 44.22115338825658,
        "INVALID": 0,
        "MALICIOUS": 0,
        "SANE": 0,
        "VALID": 0,
        "total": 100.00210576920895
    }
}