{
    "counter": {
        "ACTIVE": 11322,
        "INACTIVE": 9678,
        "INVALID": 0,
        "MALICIOUS": 0,
        "SANE": 0,
        "VALID": 0,
        "total": 21000
    },
    "percentage": {
        "ACTIVE": 53.91428571428571,
        "INACTIVE": 46.08790894804515,
        "INVALID": 0,
        "MALICIOUS": 0,
        "SANE": 0,
        "VALID": 0,
        "total": 100.00219466233085
    }
}