{
    "counter": {
        "ACTIVE": 10220,
        "INACTIVE": 10780,
        "INVALID": 0,
        "MALICIOUS": 0,
        "SANE": 0,
        "VALID": 0,
        "total": 21000
    },
    "percentage": {
        "ACTIVE": 48.666666666666664,
        "INACTIVE": 51.333333333333336,
        "INVALID": 0.0,
        "MALICIOUS": 0.0,
        "SANE": 0.0,
        "VALID": 0.0,
        "total": 100.0
    }
}