{
    "counter": {
        "ACTIVE": 10472,
        "INACTIVE": 10528,
        "INVALID": 0,
        "MALICIOUS": 0,
        "SANE": 0,
        "VALID": 0,
        "total": 21000
    },
    "percentage": {
        "ACTIVE": 49.86666666666667,
        "INACTIVE": 50.13333333333333,
        "INVALID": 0.0,
        "MALICIOUS": 0.0,
        "SANE": 0.0,
        "VALID": 0.0,
        "total": 100.0
    }
}