{
    "counter": {
        "ACTIVE": 10628,
        "INACTIVE": 10372,
        "INVALID": 0,
        "MALICIOUS": 0,
        "SANE": 0,
        "VALID": 0,
        "total": 21000
    },
    "percentage": {
        "ACTIVE": 50.60952380952381,
        "INACTIVE": 49.39047619047619,
        "INVALID": 0.0,
        "MALICIOUS": 0.0,
        "SANE": 0.0,
        "VALID": 0.0,
        "total": 100.0
    }
}