{
    "counter": {
        "ACTIVE": 11265,
        "INACTIVE": 9735,
        "INVALID": 0,
        "MALICIOUS": 0,
        "SANE": 0,
        "VALID": 0,
        "total": 21000
    },
    "percentage": {
        "ACTIVE": 53.642857142857146,
        "INACTIVE": 46.359350445259295,
        "INVALID": 0,
        "MALICIOUS": 0,
        "SANE": 0,
        "VALID": 0,
        "total": 100.00220758811645
    }
}