{
    "counter": {
        "ACTIVE": 10148,
        "INACTIVE": 10852,
        "INVALID": 0,
        "MALICIOUS": 0,
        "SANE": 0,
        "VALID": 0,
        "total": 21000
    },
    "percentage": {
        "ACTIVE": 48.32380952380952,
        "INACTIVE": 51.67619047619048,
        "INVALID": 0.0,
        "MALICIOUS": 0.0,
        "SANE": 0.0,
        "VALID": 0.0,
        "total": 100.0
    }
}