{
    "counter": {
        "ACTIVE": 11605,
        "INACTIVE": 9395,
        "INVALID": 0,
        "MALICIOUS": 0,
        "SANE": 0,
        "VALID": 0,
        "total": 21000
    },
    "percentage": {
        "ACTIVE": 55.26190476190476,
        "INACTIVE": 44.74022572503453,
        "INVALID": 0,
        "MALICIOUS": 0,
        "SANE": 0,
        "VALID": 0,
        "total": 100.00213048693928
    }
}