{
    "counter": {
        "ACTIVE": 11080,
        "INACTIVE": 9920,
        "INVALID": 0,
        "MALICIOUS": 0,
        "SANE": 0,
        "VALID": 0,
        "total": 21000
    },
    "percentage": {
        "ACTIVE": 52.76190476190476,
        "INACTIVE": 47.24034477832278,
        "INVALID": 0,
        "MALICIOUS": 0,
        "SANE": 0,
        "VALID": 0,
        "total": 100.00224954022754
    }
}